{
 "Santa Barbara High Grad": [
  0.0,
  0.142195,
  0.049034,
  0.361148,
  0.214769
 ],
 "Wife of SBHS": [
  0.0,
  0.032896,
  0.063164,
  0.312061,
  0.32476
 ],
 "UCLA Grad": [
  0.0,
  0.081757,
  -0.114287,
  0.051607,
  -0.008286
 ],
 "Wife of UCLA Grad": [
  0.0,
  -0.010808,
  -0.130716,
  0.016133,
  0.07314
 ],
 "Americans": [
  0.0,
  0.020629,
  -0.074271,
  0.141297,
  0.143434
 ],
 "Canadians": [
  0.0,
  0.031909,
  -0.035659,
  0.190611,
  0.240196
 ],
 "Mexicans": [
  0.0,
  0.10771,
  0.170488,
  0.546774,
  0.567573
 ],
 "English": [
  0.0,
  -0.21664,
  -0.22392,
  -0.222899,
  -0.154714
 ],
 "Wife": [
  0.0,
  0.10771,
  0.170488,
  0.546774,
  0.567573
 ],
 "Everyone": [
  0.0,
  0.023806,
  -0.061108,
  0.160194,
  0.188745
 ],
 "KORCH": [
  0.0,
  0.025852,
  -0.055459,
  0.169623,
  0.197984
 ],
 "S&P 500": [
  0.0,
  0.008177,
  -0.089697,
  0.086355,
  0.133979
 ],
 "Warren Buffett": [
  0.0,
  -0.026971,
  0.133823,
  0.051305,
  0.075176
 ],
 "Gen Z": [
  0.0,
  -0.042012,
  -0.073406,
  -0.032549,
  0.019474
 ],
 "Millennials": [
  0.0,
  0.025838,
  -0.07905,
  0.143928,
  0.132632
 ],
 "Gen X": [
  0.0,
  -0.104933,
  0.022338,
  0.055367,
  -0.02681
 ],
 "Boomers": [
  0.0,
  0.075567,
  0.015092,
  0.341872,
  0.535712
 ],
 "Men": [
  0.0,
  0.055988,
  -0.010227,
  0.266492,
  0.268837
 ],
 "Women": [
  0.0,
  0.016522,
  -0.082854,
  0.100542,
  0.137711
 ],
 "Scott": [
  0.0,
  0.017193,
  -0.0672,
  0.305504,
  0.322141
 ],
 "Alex": [
  0.0,
  0.285948,
  0.130758,
  0.538709,
  0.253858
 ],
 "Uncles": [
  0.0,
  0.112339,
  0.203211,
  0.756242,
  1.078396
 ],
 "Aunts": [
  0.0,
  0.02363,
  -0.114951,
  0.068866,
  0.222819
 ],
 "Cousins": [
  0.0,
  -0.065309,
  -0.121127,
  0.003379,
  -0.059883
 ]
}